<?xml version="1.0"?>
<!DOCTYPE hibernate-mapping PUBLIC
        "-//Hibernate/Hibernate Mapping DTD 3.0//EN"
        "http://www.hibernate.org/dtd/hibernate-mapping-3.0.dtd">

<hibernate-mapping>
	<class name="po.BookBean" table="book2">
		<id name="id" column="id">
			<generator class="native"></generator>
		</id>
		<property name="bookNum"></property>
		<property name="bookName"></property>
		<property name="author"></property>
		<property name="price"></property>
		<many-to-one name="publisher" column="publisher"></many-to-one>
	</class>
</hibernate-mapping>
