<?xml version="1.0"?>
<!DOCTYPE hibernate-mapping PUBLIC
        "-//Hibernate/Hibernate Mapping DTD 3.0//EN"
        "http://www.hibernate.org/dtd/hibernate-mapping-3.0.dtd">

<hibernate-mapping>
	<class name="po.PublisherBean" table="publisher">
		<id name="id" column="id">
			<generator class="native"></generator>
		</id>
		<property name="publisherNum" column="publisherNum"></property>
		<property name="publisherName" column="publisherName"></property>
	</class>
</hibernate-mapping>
